BATCH_ID,AUTOCLAVE_ID,CURE_TIMESTAMP,LAYUP_HUMIDITY_AVG,LAYUP_HUMIDITY_PEAK,SCRAP_FLAG,DELAMINATION_SCORE,FAILURE_MODE
BATCH-20251108-01,AUTOCLAVE_01,2025-11-08T16:05:24.238148,66.6,70.66,True,48.5,MOISTURE_DELAMINATION
BATCH-20251108-02,AUTOCLAVE_01,2025-11-08T19:05:24.238148,51.95,56.51,False,39.7,
BATCH-20251108-03,AUTOCLAVE_02,2025-11-08T22:05:24.238148,51.68,57.85,False,23.4,
BATCH-20251108-04,AUTOCLAVE_01,2025-11-09T01:05:24.238148,47.25,61.44,False,10.9,
BATCH-20251108-05,AUTOCLAVE_01,2025-11-09T04:05:24.238148,46.47,54.07,False,28.5,
BATCH-20251108-06,AUTOCLAVE_02,2025-11-09T07:05:24.238148,61.89,59.25,False,34.0,
BATCH-20251108-07,AUTOCLAVE_02,2025-11-09T10:05:24.238148,72.41,67.72,True,63.7,MOISTURE_DELAMINATION
BATCH-20251108-08,AUTOCLAVE_01,2025-11-09T13:05:24.238148,52.01,63.08,False,37.0,
BATCH-20251109-01,AUTOCLAVE_01,2025-11-09T16:05:24.238148,48.73,54.3,False,13.4,
BATCH-20251109-02,AUTOCLAVE_02,2025-11-09T19:05:24.238148,50.56,66.03,False,30.1,
BATCH-20251109-03,AUTOCLAVE_01,2025-11-09T22:05:24.238148,56.6,55.28,False,37.4,
BATCH-20251109-04,AUTOCLAVE_02,2025-11-10T01:05:24.238148,55.99,62.66,False,29.8,
BATCH-20251109-05,AUTOCLAVE_02,2025-11-10T04:05:24.238148,47.78,60.66,False,27.2,
BATCH-20251109-06,AUTOCLAVE_01,2025-11-10T07:05:24.238148,53.79,59.68,False,18.4,
BATCH-20251109-07,AUTOCLAVE_01,2025-11-10T10:05:24.238148,46.68,56.2,False,17.5,
BATCH-20251109-08,AUTOCLAVE_02,2025-11-10T13:05:24.238148,51.09,59.91,False,21.4,
BATCH-20251110-01,AUTOCLAVE_01,2025-11-10T16:05:24.238148,59.09,53.79,False,19.2,
BATCH-20251110-02,AUTOCLAVE_01,2025-11-10T19:05:24.238148,48.24,61.41,False,14.7,
BATCH-20251110-03,AUTOCLAVE_01,2025-11-10T22:05:24.238148,51.34,56.03,False,13.3,
BATCH-20251110-04,AUTOCLAVE_02,2025-11-11T01:05:24.238148,47.94,53.82,False,29.5,
BATCH-20251110-05,AUTOCLAVE_02,2025-11-11T04:05:24.238148,54.16,51.05,False,35.5,
BATCH-20251110-06,AUTOCLAVE_02,2025-11-11T07:05:24.238148,65.33,75.14,True,48.8,MOISTURE_DELAMINATION
BATCH-20251110-07,AUTOCLAVE_01,2025-11-11T10:05:24.238148,53.99,62.06,False,17.9,
BATCH-20251110-08,AUTOCLAVE_02,2025-11-11T13:05:24.238148,50.5,55.17,False,28.6,
BATCH-20251111-01,AUTOCLAVE_02,2025-11-11T16:05:24.238148,47.2,60.02,False,23.7,
BATCH-20251111-02,AUTOCLAVE_02,2025-11-11T19:05:24.238148,50.52,50.48,False,18.6,
BATCH-20251111-03,AUTOCLAVE_01,2025-11-11T22:05:24.238148,50.35,58.56,False,35.9,
BATCH-20251111-04,AUTOCLAVE_01,2025-11-12T01:05:24.238148,54.68,51.87,False,25.8,
BATCH-20251111-05,AUTOCLAVE_02,2025-11-12T04:05:24.238148,51.46,63.09,False,12.0,
BATCH-20251111-06,AUTOCLAVE_02,2025-11-12T07:05:24.238148,51.21,52.52,False,23.7,
BATCH-20251111-07,AUTOCLAVE_01,2025-11-12T10:05:24.238148,55.92,50.26,False,22.8,
BATCH-20251111-08,AUTOCLAVE_02,2025-11-12T13:05:24.238148,54.3,53.4,False,35.8,
BATCH-20251112-01,AUTOCLAVE_02,2025-11-12T16:05:24.238148,52.52,51.75,False,29.3,
BATCH-20251112-02,AUTOCLAVE_01,2025-11-12T19:05:24.238148,48.17,63.19,False,13.2,
BATCH-20251112-03,AUTOCLAVE_02,2025-11-12T22:05:24.238148,66.99,71.27,False,58.9,
BATCH-20251112-04,AUTOCLAVE_01,2025-11-13T01:05:24.238148,75.0,66.14,False,53.4,
BATCH-20251112-05,AUTOCLAVE_02,2025-11-13T04:05:24.238148,74.79,71.97,False,69.3,
BATCH-20251112-06,AUTOCLAVE_01,2025-11-13T07:05:24.238148,52.82,48.65,False,27.4,
BATCH-20251112-07,AUTOCLAVE_02,2025-11-13T10:05:24.238148,57.07,53.82,False,30.1,
BATCH-20251112-08,AUTOCLAVE_01,2025-11-13T13:05:24.238148,43.75,62.05,False,9.8,
BATCH-20251113-01,AUTOCLAVE_01,2025-11-13T16:05:24.238148,68.52,82.75,True,70.5,MOISTURE_DELAMINATION
BATCH-20251113-02,AUTOCLAVE_01,2025-11-13T19:05:24.238148,54.55,56.66,False,11.0,
BATCH-20251113-03,AUTOCLAVE_01,2025-11-13T22:05:24.238148,70.75,71.47,False,40.3,
BATCH-20251113-04,AUTOCLAVE_02,2025-11-14T01:05:24.238148,56.04,53.14,False,33.8,
BATCH-20251113-05,AUTOCLAVE_01,2025-11-14T04:05:24.238148,55.56,56.65,False,13.0,
BATCH-20251113-06,AUTOCLAVE_01,2025-11-14T07:05:24.238148,58.47,53.94,False,36.5,
BATCH-20251113-07,AUTOCLAVE_01,2025-11-14T10:05:24.238148,49.27,51.61,False,15.1,
BATCH-20251113-08,AUTOCLAVE_02,2025-11-14T13:05:24.238148,47.04,48.21,False,19.0,
BATCH-20251114-01,AUTOCLAVE_02,2025-11-14T16:05:24.238148,62.07,57.33,False,22.6,
BATCH-20251114-02,AUTOCLAVE_02,2025-11-14T19:05:24.238148,57.74,52.59,False,20.1,
BATCH-20251114-03,AUTOCLAVE_01,2025-11-14T22:05:24.238148,53.65,61.98,False,17.0,
BATCH-20251114-04,AUTOCLAVE_02,2025-11-15T01:05:24.238148,51.04,57.49,False,17.2,
BATCH-20251114-05,AUTOCLAVE_01,2025-11-15T04:05:24.238148,59.16,61.03,False,37.0,
BATCH-20251114-06,AUTOCLAVE_01,2025-11-15T07:05:24.238148,51.97,56.06,False,16.7,
BATCH-20251114-07,AUTOCLAVE_02,2025-11-15T10:05:24.238148,50.95,66.39,False,36.1,
BATCH-20251114-08,AUTOCLAVE_02,2025-11-15T13:05:24.238148,50.08,55.77,False,33.4,
BATCH-20251115-01,AUTOCLAVE_02,2025-11-15T16:05:24.238148,60.61,47.99,False,21.8,
BATCH-20251115-02,AUTOCLAVE_02,2025-11-15T19:05:24.238148,46.44,55.68,False,31.0,
BATCH-20251115-03,AUTOCLAVE_01,2025-11-15T22:05:24.238148,65.75,72.66,False,41.4,
BATCH-20251115-04,AUTOCLAVE_01,2025-11-16T01:05:24.238148,72.25,70.49,False,48.7,
BATCH-20251115-05,AUTOCLAVE_02,2025-11-16T04:05:24.238148,69.28,70.73,False,51.5,
BATCH-20251115-06,AUTOCLAVE_01,2025-11-16T07:05:24.238148,55.99,48.56,False,38.4,
BATCH-20251115-07,AUTOCLAVE_02,2025-11-16T10:05:24.238148,43.83,53.37,False,35.3,
BATCH-20251115-08,AUTOCLAVE_02,2025-11-16T13:05:24.238148,43.74,58.29,False,34.9,
BATCH-20251116-01,AUTOCLAVE_01,2025-11-16T16:05:24.238148,53.43,51.51,False,36.5,
BATCH-20251116-02,AUTOCLAVE_01,2025-11-16T19:05:24.238148,45.23,57.08,False,23.1,
BATCH-20251116-03,AUTOCLAVE_01,2025-11-16T22:05:24.238148,54.17,56.91,False,22.2,
BATCH-20251116-04,AUTOCLAVE_02,2025-11-17T01:05:24.238148,50.98,48.51,False,23.6,
BATCH-20251116-05,AUTOCLAVE_01,2025-11-17T04:05:24.238148,67.04,77.92,False,41.2,
BATCH-20251116-06,AUTOCLAVE_02,2025-11-17T07:05:24.238148,53.94,61.82,False,14.6,
BATCH-20251116-07,AUTOCLAVE_02,2025-11-17T10:05:24.238148,56.92,57.32,False,36.9,
BATCH-20251116-08,AUTOCLAVE_02,2025-11-17T13:05:24.238148,54.68,53.87,False,11.4,
BATCH-20251117-01,AUTOCLAVE_01,2025-11-17T16:05:24.238148,46.87,54.37,False,38.1,
BATCH-20251117-02,AUTOCLAVE_01,2025-11-17T19:05:24.238148,57.33,53.43,False,17.2,
BATCH-20251117-03,AUTOCLAVE_02,2025-11-17T22:05:24.238148,49.82,61.52,False,30.3,
BATCH-20251117-04,AUTOCLAVE_02,2025-11-18T01:05:24.238148,62.97,62.2,False,17.8,
BATCH-20251117-05,AUTOCLAVE_01,2025-11-18T04:05:24.238148,54.6,67.01,False,26.9,
BATCH-20251117-06,AUTOCLAVE_01,2025-11-18T07:05:24.238148,46.86,51.37,False,39.3,
BATCH-20251117-07,AUTOCLAVE_02,2025-11-18T10:05:24.238148,57.28,61.45,False,31.6,
BATCH-20251117-08,AUTOCLAVE_01,2025-11-18T13:05:24.238148,48.35,59.9,False,19.9,
BATCH-20251118-01,AUTOCLAVE_01,2025-11-18T16:05:24.238148,48.08,55.79,False,10.1,
BATCH-20251118-02,AUTOCLAVE_01,2025-11-18T19:05:24.238148,50.14,64.46,False,12.8,
BATCH-20251118-03,AUTOCLAVE_01,2025-11-18T22:05:24.238148,43.97,55.87,False,19.6,
BATCH-20251118-04,AUTOCLAVE_02,2025-11-19T01:05:24.238148,43.96,59.81,False,20.2,
BATCH-20251118-05,AUTOCLAVE_01,2025-11-19T04:05:24.238148,54.06,48.87,False,34.3,
BATCH-20251118-06,AUTOCLAVE_02,2025-11-19T07:05:24.238148,59.06,63.4,False,27.7,
BATCH-20251118-07,AUTOCLAVE_01,2025-11-19T10:05:24.238148,70.2,75.1,True,63.7,MOISTURE_DELAMINATION
BATCH-20251118-08,AUTOCLAVE_01,2025-11-19T13:05:24.238148,61.62,54.7,False,15.0,
BATCH-20251119-01,AUTOCLAVE_02,2025-11-19T16:05:24.238148,52.34,56.32,False,26.3,
BATCH-20251119-02,AUTOCLAVE_01,2025-11-19T19:05:24.238148,46.71,50.98,False,17.2,
BATCH-20251119-03,AUTOCLAVE_01,2025-11-19T22:05:24.238148,70.45,73.75,False,42.7,
BATCH-20251119-04,AUTOCLAVE_02,2025-11-20T01:05:24.238148,66.9,70.65,False,43.1,
BATCH-20251119-05,AUTOCLAVE_02,2025-11-20T04:05:24.238148,75.36,76.19,False,52.5,
BATCH-20251119-06,AUTOCLAVE_01,2025-11-20T07:05:24.238148,48.43,60.54,False,17.9,
BATCH-20251119-07,AUTOCLAVE_01,2025-11-20T10:05:24.238148,56.5,53.32,False,26.4,
BATCH-20251119-08,AUTOCLAVE_02,2025-11-20T13:05:24.238148,64.1,50.23,False,36.6,
BATCH-20251120-01,AUTOCLAVE_02,2025-11-20T16:05:24.238148,58.36,49.02,False,34.2,
BATCH-20251120-02,AUTOCLAVE_01,2025-11-20T19:05:24.238148,46.01,57.58,False,19.0,
BATCH-20251120-03,AUTOCLAVE_01,2025-11-20T22:05:24.238148,49.42,58.88,False,36.2,
BATCH-20251120-04,AUTOCLAVE_02,2025-11-21T01:05:24.238148,51.21,50.77,False,16.1,
BATCH-20251120-05,AUTOCLAVE_01,2025-11-21T04:05:24.238148,42.24,58.61,False,34.7,
BATCH-20251120-06,AUTOCLAVE_02,2025-11-21T07:05:24.238148,63.6,61.93,False,14.1,
BATCH-20251120-07,AUTOCLAVE_01,2025-11-21T10:05:24.238148,44.87,56.5,False,39.2,
BATCH-20251120-08,AUTOCLAVE_01,2025-11-21T13:05:24.238148,61.1,52.21,False,10.6,
BATCH-20251121-01,AUTOCLAVE_01,2025-11-21T16:05:24.238148,53.95,54.68,False,39.1,
BATCH-20251121-02,AUTOCLAVE_01,2025-11-21T19:05:24.238148,49.89,55.39,False,16.3,
BATCH-20251121-03,AUTOCLAVE_02,2025-11-21T22:05:24.238148,53.37,53.21,False,14.2,
BATCH-20251121-04,AUTOCLAVE_02,2025-11-22T01:05:24.238148,54.54,57.78,False,32.0,
BATCH-20251121-05,AUTOCLAVE_01,2025-11-22T04:05:24.238148,50.55,61.85,False,19.4,
BATCH-20251121-06,AUTOCLAVE_02,2025-11-22T07:05:24.238148,67.98,75.53,True,45.2,MOISTURE_DELAMINATION
BATCH-20251121-07,AUTOCLAVE_01,2025-11-22T10:05:24.238148,60.14,55.93,False,37.4,
BATCH-20251121-08,AUTOCLAVE_01,2025-11-22T13:05:24.238148,47.06,57.48,False,21.8,
BATCH-20251122-01,AUTOCLAVE_02,2025-11-22T16:05:24.238148,67.67,73.44,False,42.0,
BATCH-20251122-02,AUTOCLAVE_01,2025-11-22T19:05:24.238148,70.5,77.17,False,42.3,
BATCH-20251122-03,AUTOCLAVE_01,2025-11-22T22:05:24.238148,43.41,62.35,False,12.3,
BATCH-20251122-04,AUTOCLAVE_01,2025-11-23T01:05:24.238148,49.73,54.44,False,29.1,
BATCH-20251122-05,AUTOCLAVE_02,2025-11-23T04:05:24.238148,58.97,61.35,False,20.8,
BATCH-20251122-06,AUTOCLAVE_01,2025-11-23T07:05:24.238148,56.36,57.74,False,9.9,
BATCH-20251122-07,AUTOCLAVE_01,2025-11-23T10:05:24.238148,49.82,58.6,False,25.7,
BATCH-20251122-08,AUTOCLAVE_02,2025-11-23T13:05:24.238148,48.8,47.86,False,19.2,
BATCH-20251123-01,AUTOCLAVE_02,2025-11-23T16:05:24.238148,47.93,58.67,False,19.1,
BATCH-20251123-02,AUTOCLAVE_01,2025-11-23T19:05:24.238148,44.87,51.52,False,20.7,
BATCH-20251123-03,AUTOCLAVE_01,2025-11-23T22:05:24.238148,65.13,74.84,False,50.5,
BATCH-20251123-04,AUTOCLAVE_01,2025-11-24T01:05:24.238148,62.33,72.84,True,83.9,MOISTURE_DELAMINATION
BATCH-20251123-05,AUTOCLAVE_01,2025-11-24T04:05:24.238148,68.41,78.79,False,63.7,
BATCH-20251123-06,AUTOCLAVE_02,2025-11-24T07:05:24.238148,56.02,58.47,False,25.4,
BATCH-20251123-07,AUTOCLAVE_02,2025-11-24T10:05:24.238148,68.97,70.34,True,47.5,MOISTURE_DELAMINATION
BATCH-20251123-08,AUTOCLAVE_02,2025-11-24T13:05:24.238148,51.78,55.17,False,24.6,
BATCH-20251124-01,AUTOCLAVE_01,2025-11-24T16:05:24.238148,48.69,60.54,False,25.9,
BATCH-20251124-02,AUTOCLAVE_01,2025-11-24T19:05:24.238148,63.13,56.04,False,11.9,
BATCH-20251124-03,AUTOCLAVE_02,2025-11-24T22:05:24.238148,59.96,62.41,False,27.6,
BATCH-20251124-04,AUTOCLAVE_02,2025-11-25T01:05:24.238148,52.91,48.17,False,32.6,
BATCH-20251124-05,AUTOCLAVE_02,2025-11-25T04:05:24.238148,55.05,45.11,False,16.6,
BATCH-20251124-06,AUTOCLAVE_02,2025-11-25T07:05:24.238148,55.7,51.32,False,35.7,
BATCH-20251124-07,AUTOCLAVE_01,2025-11-25T10:05:24.238148,53.47,51.42,False,21.9,
BATCH-20251124-08,AUTOCLAVE_01,2025-11-25T13:05:24.238148,43.28,58.96,False,24.2,
BATCH-20251125-01,AUTOCLAVE_01,2025-11-25T16:05:24.238148,52.1,67.18,False,10.2,
BATCH-20251125-02,AUTOCLAVE_02,2025-11-25T19:05:24.238148,41.0,57.33,False,20.8,
BATCH-20251125-03,AUTOCLAVE_01,2025-11-25T22:05:24.238148,54.44,60.26,False,38.1,
BATCH-20251125-04,AUTOCLAVE_02,2025-11-26T01:05:24.238148,47.04,67.63,False,35.4,
BATCH-20251125-05,AUTOCLAVE_02,2025-11-26T04:05:24.238148,60.87,51.51,False,31.5,
BATCH-20251125-06,AUTOCLAVE_02,2025-11-26T07:05:24.238148,47.08,53.4,False,33.5,
BATCH-20251125-07,AUTOCLAVE_02,2025-11-26T10:05:24.238148,46.15,55.64,False,28.1,
BATCH-20251125-08,AUTOCLAVE_02,2025-11-26T13:05:24.238148,58.25,49.18,False,24.9,
BATCH-20251126-01,AUTOCLAVE_02,2025-11-26T16:05:24.238148,60.85,57.5,False,24.2,
BATCH-20251126-02,AUTOCLAVE_01,2025-11-26T19:05:24.238148,47.06,61.4,False,34.2,
BATCH-20251126-03,AUTOCLAVE_02,2025-11-26T22:05:24.238148,59.47,58.11,False,28.7,
BATCH-20251126-04,AUTOCLAVE_02,2025-11-27T01:05:24.238148,51.51,52.87,False,18.5,
BATCH-20251126-05,AUTOCLAVE_02,2025-11-27T04:05:24.238148,56.64,55.27,False,26.8,
BATCH-20251126-06,AUTOCLAVE_02,2025-11-27T07:05:24.238148,62.13,53.16,False,32.1,
BATCH-20251126-07,AUTOCLAVE_01,2025-11-27T10:05:24.238148,41.91,59.87,False,21.1,
BATCH-20251126-08,AUTOCLAVE_02,2025-11-27T13:05:24.238148,51.54,56.47,False,22.3,
BATCH-20251127-01,AUTOCLAVE_01,2025-11-27T16:05:24.238148,50.69,64.18,False,32.5,
BATCH-20251127-02,AUTOCLAVE_02,2025-11-27T19:05:24.238148,50.26,49.71,False,9.5,
BATCH-20251127-03,AUTOCLAVE_02,2025-11-27T22:05:24.238148,51.89,60.28,False,35.0,
BATCH-20251127-04,AUTOCLAVE_02,2025-11-28T01:05:24.238148,48.65,53.72,False,29.2,
BATCH-20251127-05,AUTOCLAVE_02,2025-11-28T04:05:24.238148,54.55,56.69,False,28.3,
BATCH-20251127-06,AUTOCLAVE_02,2025-11-28T07:05:24.238148,45.7,56.32,False,11.2,
BATCH-20251127-07,AUTOCLAVE_01,2025-11-28T10:05:24.238148,49.44,54.35,False,29.6,
BATCH-20251127-08,AUTOCLAVE_02,2025-11-28T13:05:24.238148,55.52,59.89,False,14.1,
BATCH-20251128-01,AUTOCLAVE_02,2025-11-28T16:05:24.238148,63.62,76.18,True,51.6,MOISTURE_DELAMINATION
BATCH-20251128-02,AUTOCLAVE_02,2025-11-28T19:05:24.238148,50.27,54.49,False,14.0,
BATCH-20251128-03,AUTOCLAVE_02,2025-11-28T22:05:24.238148,55.87,54.58,False,11.2,
BATCH-20251128-04,AUTOCLAVE_01,2025-11-29T01:05:24.238148,53.01,55.48,False,33.6,
BATCH-20251128-05,AUTOCLAVE_02,2025-11-29T04:05:24.238148,58.86,54.78,False,33.2,
BATCH-20251128-06,AUTOCLAVE_01,2025-11-29T07:05:24.238148,53.79,57.86,False,10.2,
BATCH-20251128-07,AUTOCLAVE_01,2025-11-29T10:05:24.238148,56.35,56.36,False,38.3,
BATCH-20251128-08,AUTOCLAVE_01,2025-11-29T13:05:24.238148,46.87,61.82,False,31.3,
BATCH-20251129-01,AUTOCLAVE_02,2025-11-29T16:05:24.238148,59.23,66.22,False,16.4,
BATCH-20251129-02,AUTOCLAVE_02,2025-11-29T19:05:24.238148,48.63,56.85,False,30.2,
BATCH-20251129-03,AUTOCLAVE_02,2025-11-29T22:05:24.238148,59.6,54.9,False,16.1,
BATCH-20251129-04,AUTOCLAVE_01,2025-11-30T01:05:24.238148,55.28,59.86,False,25.9,
BATCH-20251129-05,AUTOCLAVE_02,2025-11-30T04:05:24.238148,54.33,53.5,False,14.2,
BATCH-20251129-06,AUTOCLAVE_01,2025-11-30T07:05:24.238148,44.39,61.8,False,9.5,
BATCH-20251129-07,AUTOCLAVE_02,2025-11-30T10:05:24.238148,57.62,53.53,False,31.8,
BATCH-20251129-08,AUTOCLAVE_02,2025-11-30T13:05:24.238148,57.79,62.22,False,12.1,
BATCH-20251130-01,AUTOCLAVE_02,2025-11-30T16:05:24.238148,45.36,60.13,False,13.2,
BATCH-20251130-02,AUTOCLAVE_02,2025-11-30T19:05:24.238148,47.15,51.8,False,12.3,
BATCH-20251130-03,AUTOCLAVE_02,2025-11-30T22:05:24.238148,59.29,61.07,False,32.5,
BATCH-20251130-04,AUTOCLAVE_01,2025-12-01T01:05:24.238148,52.37,54.67,False,26.3,
BATCH-20251130-05,AUTOCLAVE_02,2025-12-01T04:05:24.238148,49.53,61.02,False,35.9,
BATCH-20251130-06,AUTOCLAVE_02,2025-12-01T07:05:24.238148,54.98,55.44,False,28.4,
BATCH-20251130-07,AUTOCLAVE_01,2025-12-01T10:05:24.238148,56.45,55.33,False,28.9,
BATCH-20251130-08,AUTOCLAVE_01,2025-12-01T13:05:24.238148,45.4,57.93,False,18.7,
BATCH-20251201-01,AUTOCLAVE_01,2025-12-01T16:05:24.238148,48.73,49.61,False,22.7,
BATCH-20251201-02,AUTOCLAVE_02,2025-12-01T19:05:24.238148,55.37,51.77,False,36.7,
BATCH-20251201-03,AUTOCLAVE_02,2025-12-01T22:05:24.238148,51.69,49.45,False,12.9,
BATCH-20251201-04,AUTOCLAVE_02,2025-12-02T01:05:24.238148,46.06,59.04,False,27.6,
BATCH-20251201-05,AUTOCLAVE_01,2025-12-02T04:05:24.238148,51.18,59.6,False,11.1,
BATCH-20251201-06,AUTOCLAVE_01,2025-12-02T07:05:24.238148,48.16,59.14,False,33.1,
BATCH-20251201-07,AUTOCLAVE_02,2025-12-02T10:05:24.238148,55.24,50.53,False,36.0,
BATCH-20251201-08,AUTOCLAVE_02,2025-12-02T13:05:24.238148,74.51,67.47,True,67.0,MOISTURE_DELAMINATION
BATCH-20251202-01,AUTOCLAVE_02,2025-12-02T16:05:24.238148,56.28,47.4,False,24.8,
BATCH-20251202-02,AUTOCLAVE_02,2025-12-02T19:05:24.238148,58.13,58.27,False,22.8,
BATCH-20251202-03,AUTOCLAVE_02,2025-12-02T22:05:24.238148,65.72,72.81,False,43.4,
BATCH-20251202-04,AUTOCLAVE_01,2025-12-03T01:05:24.238148,62.46,73.18,False,61.8,
BATCH-20251202-05,AUTOCLAVE_02,2025-12-03T04:05:24.238148,65.13,65.86,False,51.8,
BATCH-20251202-06,AUTOCLAVE_02,2025-12-03T07:05:24.238148,50.18,64.57,False,32.2,
BATCH-20251202-07,AUTOCLAVE_02,2025-12-03T10:05:24.238148,57.6,67.41,False,18.0,
BATCH-20251202-08,AUTOCLAVE_02,2025-12-03T13:05:24.238148,46.06,50.59,False,26.7,
BATCH-20251203-01,AUTOCLAVE_02,2025-12-03T16:05:24.238148,53.06,54.89,False,15.2,
BATCH-20251203-02,AUTOCLAVE_01,2025-12-03T19:05:24.238148,46.78,51.72,False,25.9,
BATCH-20251203-03,AUTOCLAVE_02,2025-12-03T22:05:24.238148,49.28,54.57,False,13.2,
BATCH-20251203-04,AUTOCLAVE_01,2025-12-04T01:05:24.238148,56.95,58.59,False,10.8,
BATCH-20251203-05,AUTOCLAVE_01,2025-12-04T04:05:24.238148,45.41,61.06,False,19.4,
BATCH-20251203-06,AUTOCLAVE_01,2025-12-04T07:05:24.238148,62.69,50.83,False,13.7,
BATCH-20251203-07,AUTOCLAVE_02,2025-12-04T10:05:24.238148,54.43,59.14,False,25.9,
BATCH-20251203-08,AUTOCLAVE_01,2025-12-04T13:05:24.238148,52.47,51.04,False,22.1,
BATCH-20251204-01,AUTOCLAVE_02,2025-12-04T16:05:24.238148,52.53,60.94,False,34.7,
BATCH-20251204-02,AUTOCLAVE_02,2025-12-04T19:05:24.238148,52.2,62.57,False,12.4,
BATCH-20251204-03,AUTOCLAVE_02,2025-12-04T22:05:24.238148,61.17,69.24,False,43.2,
BATCH-20251204-04,AUTOCLAVE_01,2025-12-05T01:05:24.238148,71.65,72.65,False,73.4,
BATCH-20251204-05,AUTOCLAVE_01,2025-12-05T04:05:24.238148,70.64,71.46,True,88.6,MOISTURE_DELAMINATION
BATCH-20251204-06,AUTOCLAVE_01,2025-12-05T07:05:24.238148,56.2,65.4,False,24.3,
BATCH-20251204-07,AUTOCLAVE_02,2025-12-05T10:05:24.238148,52.38,61.11,False,25.5,
BATCH-20251204-08,AUTOCLAVE_02,2025-12-05T13:05:24.238148,41.5,62.22,False,25.3,
BATCH-20251205-01,AUTOCLAVE_01,2025-12-05T16:05:24.238148,55.83,49.97,False,38.8,
BATCH-20251205-02,AUTOCLAVE_02,2025-12-05T19:05:24.238148,49.89,49.88,False,15.2,
BATCH-20251205-03,AUTOCLAVE_02,2025-12-05T22:05:24.238148,48.4,52.04,False,12.9,
BATCH-20251205-04,AUTOCLAVE_02,2025-12-06T01:05:24.238148,50.97,62.37,False,18.8,
BATCH-20251205-05,AUTOCLAVE_02,2025-12-06T04:05:24.238148,52.7,69.93,False,30.7,
BATCH-20251205-06,AUTOCLAVE_01,2025-12-06T07:05:24.238148,46.34,60.52,False,35.7,
BATCH-20251205-07,AUTOCLAVE_01,2025-12-06T10:05:24.238148,55.1,61.57,False,27.0,
BATCH-20251205-08,AUTOCLAVE_01,2025-12-06T13:05:24.238148,47.86,54.83,False,23.7,
BATCH-20251206-01,AUTOCLAVE_02,2025-12-06T16:05:24.238148,54.62,59.17,False,35.7,
BATCH-20251206-02,AUTOCLAVE_01,2025-12-06T19:05:24.238148,53.07,61.43,False,32.9,
BATCH-20251206-03,AUTOCLAVE_02,2025-12-06T22:05:24.238148,53.83,57.43,False,19.7,
BATCH-20251206-04,AUTOCLAVE_01,2025-12-07T01:05:24.238148,68.26,73.17,False,40.3,
BATCH-20251206-05,AUTOCLAVE_02,2025-12-07T04:05:24.238148,49.87,55.17,False,25.1,
BATCH-20251206-06,AUTOCLAVE_01,2025-12-07T07:05:24.238148,60.14,55.3,False,19.8,
BATCH-20251206-07,AUTOCLAVE_02,2025-12-07T10:05:24.238148,44.04,63.11,False,13.9,
BATCH-20251206-08,AUTOCLAVE_02,2025-12-07T13:05:24.238148,49.56,51.64,False,37.7,
BATCH-20251207-01,AUTOCLAVE_01,2025-12-07T16:05:24.238148,49.62,62.06,False,19.6,
BATCH-20251207-02,AUTOCLAVE_02,2025-12-07T19:05:24.238148,56.58,60.91,False,30.2,
BATCH-20251207-03,AUTOCLAVE_02,2025-12-07T22:05:24.238148,53.27,51.47,False,14.5,
BATCH-20251207-04,AUTOCLAVE_01,2025-12-08T01:05:24.238148,49.22,49.19,False,12.3,
BATCH-20251207-05,AUTOCLAVE_02,2025-12-08T04:05:24.238148,47.25,57.61,False,19.1,
BATCH-20251207-06,AUTOCLAVE_02,2025-12-08T07:05:24.238148,58.77,59.67,False,28.1,
BATCH-20251207-07,AUTOCLAVE_02,2025-12-08T10:05:24.238148,42.78,57.83,False,39.3,
BATCH-20251207-08,AUTOCLAVE_01,2025-12-08T13:05:24.238148,52.48,62.85,False,18.3,
BATCH-20251208-01,AUTOCLAVE_01,2025-12-08T16:05:24.238148,46.43,62.16,False,18.9,
BATCH-20251208-02,AUTOCLAVE_02,2025-12-08T19:05:24.238148,48.82,56.2,False,25.9,
BATCH-20251208-03,AUTOCLAVE_01,2025-12-08T22:05:24.238148,46.08,52.03,False,14.8,
BATCH-20251208-04,AUTOCLAVE_01,2025-12-09T01:05:24.238148,46.8,56.61,False,34.9,
BATCH-20251208-05,AUTOCLAVE_01,2025-12-09T04:05:24.238148,47.42,63.76,False,27.8,
BATCH-20251208-06,AUTOCLAVE_01,2025-12-09T07:05:24.238148,58.36,55.04,False,13.3,
BATCH-20251208-07,AUTOCLAVE_02,2025-12-09T10:05:24.238148,51.06,55.93,False,28.3,
BATCH-20251208-08,AUTOCLAVE_01,2025-12-09T13:05:24.238148,49.53,53.1,False,27.4,
BATCH-20251209-01,AUTOCLAVE_01,2025-12-09T16:05:24.238148,57.58,66.95,False,36.5,
BATCH-20251209-02,AUTOCLAVE_01,2025-12-09T19:05:24.238148,44.41,63.71,False,25.1,
BATCH-20251209-03,AUTOCLAVE_01,2025-12-09T22:05:24.238148,65.37,75.01,False,54.5,
BATCH-20251209-04,AUTOCLAVE_02,2025-12-10T01:05:24.238148,69.39,72.61,False,51.8,
BATCH-20251209-05,AUTOCLAVE_02,2025-12-10T04:05:24.238148,72.73,67.49,False,54.2,
BATCH-20251209-06,AUTOCLAVE_02,2025-12-10T07:05:24.238148,51.14,51.26,False,34.9,
BATCH-20251209-07,AUTOCLAVE_02,2025-12-10T10:05:24.238148,54.42,54.82,False,30.3,
BATCH-20251209-08,AUTOCLAVE_02,2025-12-10T13:05:24.238148,52.14,57.03,False,36.7,
BATCH-20251210-01,AUTOCLAVE_01,2025-12-10T16:05:24.238148,53.75,53.5,False,29.2,
BATCH-20251210-02,AUTOCLAVE_02,2025-12-10T19:05:24.238148,43.07,64.62,False,26.1,
BATCH-20251210-03,AUTOCLAVE_02,2025-12-10T22:05:24.238148,57.13,52.41,False,25.1,
BATCH-20251210-04,AUTOCLAVE_02,2025-12-11T01:05:24.238148,45.45,61.72,False,15.4,
BATCH-20251210-05,AUTOCLAVE_02,2025-12-11T04:05:24.238148,48.94,53.14,False,27.4,
BATCH-20251210-06,AUTOCLAVE_02,2025-12-11T07:05:24.238148,62.06,65.39,True,65.1,MOISTURE_DELAMINATION
BATCH-20251210-07,AUTOCLAVE_01,2025-12-11T10:05:24.238148,49.26,61.49,False,32.4,
BATCH-20251210-08,AUTOCLAVE_02,2025-12-11T13:05:24.238148,76.38,79.07,False,41.3,
BATCH-20251211-01,AUTOCLAVE_01,2025-12-11T16:05:24.238148,72.99,66.85,True,52.9,MOISTURE_DELAMINATION
BATCH-20251211-02,AUTOCLAVE_02,2025-12-11T19:05:24.238148,57.87,60.49,False,21.9,
BATCH-20251211-03,AUTOCLAVE_01,2025-12-11T22:05:24.238148,47.08,68.63,False,23.5,
BATCH-20251211-04,AUTOCLAVE_01,2025-12-12T01:05:24.238148,55.45,54.64,False,13.9,
BATCH-20251211-05,AUTOCLAVE_02,2025-12-12T04:05:24.238148,43.15,53.59,False,37.5,
BATCH-20251211-06,AUTOCLAVE_02,2025-12-12T07:05:24.238148,59.3,51.34,False,37.9,
BATCH-20251211-07,AUTOCLAVE_01,2025-12-12T10:05:24.238148,56.6,59.19,False,34.6,
BATCH-20251211-08,AUTOCLAVE_02,2025-12-12T13:05:24.238148,51.76,49.48,False,33.8,
BATCH-20251212-01,AUTOCLAVE_02,2025-12-12T16:05:24.238148,61.78,70.64,True,41.1,MOISTURE_DELAMINATION
BATCH-20251212-02,AUTOCLAVE_02,2025-12-12T19:05:24.238148,57.75,51.68,False,29.7,
BATCH-20251212-03,AUTOCLAVE_01,2025-12-12T22:05:24.238148,46.42,58.73,False,12.1,
BATCH-20251212-04,AUTOCLAVE_02,2025-12-13T01:05:24.238148,59.07,49.56,False,28.5,
BATCH-20251212-05,AUTOCLAVE_01,2025-12-13T04:05:24.238148,45.87,55.66,False,11.5,
BATCH-20251212-06,AUTOCLAVE_02,2025-12-13T07:05:24.238148,54.22,60.14,False,13.8,
BATCH-20251212-07,AUTOCLAVE_02,2025-12-13T10:05:24.238148,57.99,56.63,False,27.2,
BATCH-20251212-08,AUTOCLAVE_02,2025-12-13T13:05:24.238148,64.12,54.29,False,35.1,
BATCH-20251213-01,AUTOCLAVE_01,2025-12-13T16:05:24.238148,61.26,56.63,False,38.7,
BATCH-20251213-02,AUTOCLAVE_01,2025-12-13T19:05:24.238148,58.95,52.0,False,18.4,
BATCH-20251213-03,AUTOCLAVE_02,2025-12-13T22:05:24.238148,68.14,75.6,True,66.2,MOISTURE_DELAMINATION
BATCH-20251213-04,AUTOCLAVE_01,2025-12-14T01:05:24.238148,49.06,63.67,False,22.2,
BATCH-20251213-05,AUTOCLAVE_02,2025-12-14T04:05:24.238148,49.6,50.69,False,26.7,
BATCH-20251213-06,AUTOCLAVE_02,2025-12-14T07:05:24.238148,54.51,57.52,False,33.9,
BATCH-20251213-07,AUTOCLAVE_02,2025-12-14T10:05:24.238148,50.15,59.71,False,20.8,
BATCH-20251213-08,AUTOCLAVE_01,2025-12-14T13:05:24.238148,55.97,60.02,False,27.4,
BATCH-20251214-01,AUTOCLAVE_01,2025-12-14T16:05:24.238148,50.14,52.83,False,38.5,
BATCH-20251214-02,AUTOCLAVE_02,2025-12-14T19:05:24.238148,53.83,65.61,False,29.6,
BATCH-20251214-03,AUTOCLAVE_02,2025-12-14T22:05:24.238148,63.72,43.8,False,10.9,
BATCH-20251214-04,AUTOCLAVE_01,2025-12-15T01:05:24.238148,54.63,56.41,False,17.9,
BATCH-20251214-05,AUTOCLAVE_02,2025-12-15T04:05:24.238148,52.59,69.58,False,27.0,
BATCH-20251214-06,AUTOCLAVE_02,2025-12-15T07:05:24.238148,48.76,56.6,False,32.1,
BATCH-20251214-07,AUTOCLAVE_01,2025-12-15T10:05:24.238148,49.67,53.98,False,30.9,
BATCH-20251214-08,AUTOCLAVE_01,2025-12-15T13:05:24.238148,50.78,64.31,False,27.6,
BATCH-20251215-01,AUTOCLAVE_02,2025-12-15T16:05:24.238148,55.34,56.6,False,27.3,
BATCH-20251215-02,AUTOCLAVE_02,2025-12-15T19:05:24.238148,59.02,67.93,False,31.7,
BATCH-20251215-03,AUTOCLAVE_02,2025-12-15T22:05:24.238148,58.91,50.56,False,12.2,
BATCH-20251215-04,AUTOCLAVE_02,2025-12-16T01:05:24.238148,56.81,52.73,False,36.2,
BATCH-20251215-05,AUTOCLAVE_02,2025-12-16T04:05:24.238148,51.66,52.75,False,18.2,
BATCH-20251215-06,AUTOCLAVE_01,2025-12-16T07:05:24.238148,49.9,56.82,False,30.7,
BATCH-20251215-07,AUTOCLAVE_01,2025-12-16T10:05:24.238148,50.7,57.32,False,13.8,
BATCH-20251215-08,AUTOCLAVE_02,2025-12-16T13:05:24.238148,61.23,54.09,False,35.6,
BATCH-20251216-01,AUTOCLAVE_01,2025-12-16T16:05:24.238148,52.88,61.54,False,39.6,
BATCH-20251216-02,AUTOCLAVE_02,2025-12-16T19:05:24.238148,50.73,55.16,False,9.9,
BATCH-20251216-03,AUTOCLAVE_02,2025-12-16T22:05:24.238148,62.16,66.51,False,22.8,
BATCH-20251216-04,AUTOCLAVE_01,2025-12-17T01:05:24.238148,65.4,52.35,False,32.4,
BATCH-20251216-05,AUTOCLAVE_02,2025-12-17T04:05:24.238148,42.78,61.02,False,13.3,
BATCH-20251216-06,AUTOCLAVE_01,2025-12-17T07:05:24.238148,47.94,48.71,False,27.1,
BATCH-20251216-07,AUTOCLAVE_01,2025-12-17T10:05:24.238148,48.24,57.64,False,18.1,
BATCH-20251216-08,AUTOCLAVE_02,2025-12-17T13:05:24.238148,54.22,60.1,False,19.8,
BATCH-20251217-01,AUTOCLAVE_01,2025-12-17T16:05:24.238148,58.33,55.28,False,37.6,
BATCH-20251217-02,AUTOCLAVE_01,2025-12-17T19:05:24.238148,53.39,51.98,False,38.6,
BATCH-20251217-03,AUTOCLAVE_02,2025-12-17T22:05:24.238148,42.85,50.46,False,22.7,
BATCH-20251217-04,AUTOCLAVE_02,2025-12-18T01:05:24.238148,47.86,48.76,False,20.9,
BATCH-20251217-05,AUTOCLAVE_01,2025-12-18T04:05:24.238148,58.79,53.96,False,14.3,
BATCH-20251217-06,AUTOCLAVE_02,2025-12-18T07:05:24.238148,54.26,53.32,False,22.5,
BATCH-20251217-07,AUTOCLAVE_01,2025-12-18T10:05:24.238148,55.5,54.87,False,10.6,
BATCH-20251217-08,AUTOCLAVE_01,2025-12-18T13:05:24.238148,44.05,58.32,False,37.1,
BATCH-20251218-01,AUTOCLAVE_01,2025-12-18T16:05:24.238148,59.94,63.28,False,27.6,
BATCH-20251218-02,AUTOCLAVE_02,2025-12-18T19:05:24.238148,60.8,57.86,False,15.6,
BATCH-20251218-03,AUTOCLAVE_02,2025-12-18T22:05:24.238148,70.61,71.54,True,90.8,MOISTURE_DELAMINATION
BATCH-20251218-04,AUTOCLAVE_02,2025-12-19T01:05:24.238148,71.64,80.0,False,59.1,
BATCH-20251218-05,AUTOCLAVE_01,2025-12-19T04:05:24.238148,64.5,71.63,True,93.7,MOISTURE_DELAMINATION
BATCH-20251218-06,AUTOCLAVE_01,2025-12-19T07:05:24.238148,57.82,54.26,False,12.4,
BATCH-20251218-07,AUTOCLAVE_01,2025-12-19T10:05:24.238148,57.41,59.25,False,16.6,
BATCH-20251218-08,AUTOCLAVE_02,2025-12-19T13:05:24.238148,53.41,53.32,False,15.8,
BATCH-20251219-01,AUTOCLAVE_02,2025-12-19T16:05:24.238148,66.4,77.4,True,66.3,MOISTURE_DELAMINATION
BATCH-20251219-02,AUTOCLAVE_02,2025-12-19T19:05:24.238148,55.39,47.98,False,15.6,
BATCH-20251219-03,AUTOCLAVE_02,2025-12-19T22:05:24.238148,49.78,53.08,False,11.7,
BATCH-20251219-04,AUTOCLAVE_01,2025-12-20T01:05:24.238148,51.32,54.15,False,19.9,
BATCH-20251219-05,AUTOCLAVE_02,2025-12-20T04:05:24.238148,48.65,61.6,False,11.5,
BATCH-20251219-06,AUTOCLAVE_01,2025-12-20T07:05:24.238148,54.4,67.0,False,22.8,
BATCH-20251219-07,AUTOCLAVE_02,2025-12-20T10:05:24.238148,53.54,52.26,False,26.6,
BATCH-20251219-08,AUTOCLAVE_01,2025-12-20T13:05:24.238148,49.05,62.67,False,11.7,
BATCH-20251220-01,AUTOCLAVE_02,2025-12-20T16:05:24.238148,52.8,52.77,False,22.4,
BATCH-20251220-02,AUTOCLAVE_01,2025-12-20T19:05:24.238148,49.01,53.58,False,25.2,
BATCH-20251220-03,AUTOCLAVE_01,2025-12-20T22:05:24.238148,44.44,58.04,False,27.2,
BATCH-20251220-04,AUTOCLAVE_02,2025-12-21T01:05:24.238148,59.42,64.43,False,12.5,
BATCH-20251220-05,AUTOCLAVE_02,2025-12-21T04:05:24.238148,53.51,59.85,False,11.8,
BATCH-20251220-06,AUTOCLAVE_02,2025-12-21T07:05:24.238148,60.05,60.38,False,21.1,
BATCH-20251220-07,AUTOCLAVE_01,2025-12-21T10:05:24.238148,49.12,57.5,False,24.2,
BATCH-20251220-08,AUTOCLAVE_02,2025-12-21T13:05:24.238148,52.71,59.48,False,31.7,
BATCH-20251221-01,AUTOCLAVE_01,2025-12-21T16:05:24.238148,56.34,52.91,False,32.9,
BATCH-20251221-02,AUTOCLAVE_01,2025-12-21T19:05:24.238148,49.84,53.32,False,16.3,
BATCH-20251221-03,AUTOCLAVE_01,2025-12-21T22:05:24.238148,56.65,64.04,False,23.1,
BATCH-20251221-04,AUTOCLAVE_01,2025-12-22T01:05:24.238148,43.7,52.33,False,30.3,
BATCH-20251221-05,AUTOCLAVE_02,2025-12-22T04:05:24.238148,59.11,53.21,False,14.8,
BATCH-20251221-06,AUTOCLAVE_02,2025-12-22T07:05:24.238148,57.13,59.98,False,12.7,
BATCH-20251221-07,AUTOCLAVE_01,2025-12-22T10:05:24.238148,54.06,63.11,False,32.9,
BATCH-20251221-08,AUTOCLAVE_01,2025-12-22T13:05:24.238148,51.26,68.08,False,25.3,
BATCH-20251222-01,AUTOCLAVE_01,2025-12-22T16:05:24.238148,51.05,50.76,False,19.7,
BATCH-20251222-02,AUTOCLAVE_02,2025-12-22T19:05:24.238148,53.91,59.4,False,29.4,
BATCH-20251222-03,AUTOCLAVE_02,2025-12-22T22:05:24.238148,53.24,60.1,False,26.9,
BATCH-20251222-04,AUTOCLAVE_02,2025-12-23T01:05:24.238148,55.38,55.04,False,31.3,
BATCH-20251222-05,AUTOCLAVE_02,2025-12-23T04:05:24.238148,52.11,59.33,False,13.6,
BATCH-20251222-06,AUTOCLAVE_02,2025-12-23T07:05:24.238148,45.45,58.97,False,26.1,
BATCH-20251222-07,AUTOCLAVE_02,2025-12-23T10:05:24.238148,58.56,56.96,False,38.6,
BATCH-20251222-08,AUTOCLAVE_02,2025-12-23T13:05:24.238148,57.99,56.71,False,28.9,
BATCH-20251223-01,AUTOCLAVE_02,2025-12-23T16:05:24.238148,53.75,48.2,False,34.8,
BATCH-20251223-02,AUTOCLAVE_02,2025-12-23T19:05:24.238148,60.77,52.07,False,19.9,
BATCH-20251223-03,AUTOCLAVE_02,2025-12-23T22:05:24.238148,65.36,77.64,False,42.0,
BATCH-20251223-04,AUTOCLAVE_01,2025-12-24T01:05:24.238148,67.28,73.89,False,42.2,
BATCH-20251223-05,AUTOCLAVE_01,2025-12-24T04:05:24.238148,73.81,67.71,False,40.9,
BATCH-20251223-06,AUTOCLAVE_01,2025-12-24T07:05:24.238148,60.92,51.38,False,19.5,
BATCH-20251223-07,AUTOCLAVE_01,2025-12-24T10:05:24.238148,53.05,56.69,False,32.0,
BATCH-20251223-08,AUTOCLAVE_02,2025-12-24T13:05:24.238148,45.92,62.33,False,10.8,
BATCH-20251224-01,AUTOCLAVE_01,2025-12-24T16:05:24.238148,49.42,50.5,False,29.9,
BATCH-20251224-02,AUTOCLAVE_02,2025-12-24T19:05:24.238148,52.73,54.48,False,25.0,
BATCH-20251224-03,AUTOCLAVE_02,2025-12-24T22:05:24.238148,70.93,74.65,False,65.2,
BATCH-20251224-04,AUTOCLAVE_01,2025-12-25T01:05:24.238148,68.78,72.59,False,62.5,
BATCH-20251224-05,AUTOCLAVE_02,2025-12-25T04:05:24.238148,67.61,74.67,False,62.9,
BATCH-20251224-06,AUTOCLAVE_02,2025-12-25T07:05:24.238148,59.61,56.12,False,10.4,
BATCH-20251224-07,AUTOCLAVE_02,2025-12-25T10:05:24.238148,54.01,58.16,False,16.8,
BATCH-20251224-08,AUTOCLAVE_02,2025-12-25T13:05:24.238148,59.6,53.33,False,10.5,
BATCH-20251225-01,AUTOCLAVE_01,2025-12-25T16:05:24.238148,41.08,52.37,False,21.0,
BATCH-20251225-02,AUTOCLAVE_02,2025-12-25T19:05:24.238148,54.73,58.9,False,32.3,
BATCH-20251225-03,AUTOCLAVE_01,2025-12-25T22:05:24.238148,51.76,64.03,False,36.2,
BATCH-20251225-04,AUTOCLAVE_02,2025-12-26T01:05:24.238148,54.32,55.13,False,36.0,
BATCH-20251225-05,AUTOCLAVE_01,2025-12-26T04:05:24.238148,47.61,46.59,False,26.9,
BATCH-20251225-06,AUTOCLAVE_01,2025-12-26T07:05:24.238148,48.62,55.3,False,10.1,
BATCH-20251225-07,AUTOCLAVE_01,2025-12-26T10:05:24.238148,54.46,55.21,False,31.7,
BATCH-20251225-08,AUTOCLAVE_01,2025-12-26T13:05:24.238148,53.17,57.12,False,11.8,
BATCH-20251226-01,AUTOCLAVE_02,2025-12-26T16:05:24.238148,55.99,64.55,False,26.3,
BATCH-20251226-02,AUTOCLAVE_01,2025-12-26T19:05:24.238148,58.16,53.34,False,20.0,
BATCH-20251226-03,AUTOCLAVE_01,2025-12-26T22:05:24.238148,58.63,58.39,False,14.7,
BATCH-20251226-04,AUTOCLAVE_01,2025-12-27T01:05:24.238148,49.4,54.92,False,37.1,
BATCH-20251226-05,AUTOCLAVE_01,2025-12-27T04:05:24.238148,51.37,51.12,False,33.0,
BATCH-20251226-06,AUTOCLAVE_01,2025-12-27T07:05:24.238148,52.63,63.81,False,13.2,
BATCH-20251226-07,AUTOCLAVE_02,2025-12-27T10:05:24.238148,53.47,61.88,False,28.2,
BATCH-20251226-08,AUTOCLAVE_02,2025-12-27T13:05:24.238148,45.55,61.98,False,30.8,
BATCH-20251227-01,AUTOCLAVE_01,2025-12-27T16:05:24.238148,57.48,53.44,False,29.3,
BATCH-20251227-02,AUTOCLAVE_02,2025-12-27T19:05:24.238148,56.27,52.65,False,30.1,
BATCH-20251227-03,AUTOCLAVE_01,2025-12-27T22:05:24.238148,49.16,52.21,False,35.2,
BATCH-20251227-04,AUTOCLAVE_02,2025-12-28T01:05:24.238148,39.81,61.92,False,22.8,
BATCH-20251227-05,AUTOCLAVE_02,2025-12-28T04:05:24.238148,55.65,61.49,False,19.3,
BATCH-20251227-06,AUTOCLAVE_01,2025-12-28T07:05:24.238148,47.32,55.16,False,24.0,
BATCH-20251227-07,AUTOCLAVE_02,2025-12-28T10:05:24.238148,50.51,60.2,False,38.0,
BATCH-20251227-08,AUTOCLAVE_01,2025-12-28T13:05:24.238148,48.18,60.97,False,29.8,
BATCH-20251228-01,AUTOCLAVE_02,2025-12-28T16:05:24.238148,51.69,60.51,False,27.4,
BATCH-20251228-02,AUTOCLAVE_01,2025-12-28T19:05:24.238148,48.98,57.22,False,30.8,
BATCH-20251228-03,AUTOCLAVE_01,2025-12-28T22:05:24.238148,49.9,55.61,False,19.1,
BATCH-20251228-04,AUTOCLAVE_02,2025-12-29T01:05:24.238148,57.18,57.24,False,13.2,
BATCH-20251228-05,AUTOCLAVE_02,2025-12-29T04:05:24.238148,59.28,53.88,False,20.0,
BATCH-20251228-06,AUTOCLAVE_02,2025-12-29T07:05:24.238148,53.88,51.87,False,16.4,
BATCH-20251228-07,AUTOCLAVE_02,2025-12-29T10:05:24.238148,61.08,55.51,False,22.5,
BATCH-20251228-08,AUTOCLAVE_02,2025-12-29T13:05:24.238148,51.43,60.78,False,18.4,
BATCH-20251229-01,AUTOCLAVE_01,2025-12-29T16:05:24.238148,58.74,51.32,False,28.4,
BATCH-20251229-02,AUTOCLAVE_02,2025-12-29T19:05:24.238148,48.86,49.64,False,11.9,
BATCH-20251229-03,AUTOCLAVE_01,2025-12-29T22:05:24.238148,54.1,58.62,False,18.3,
BATCH-20251229-04,AUTOCLAVE_02,2025-12-30T01:05:24.238148,56.6,51.95,False,33.6,
BATCH-20251229-05,AUTOCLAVE_01,2025-12-30T04:05:24.238148,53.86,54.67,False,28.3,
BATCH-20251229-06,AUTOCLAVE_02,2025-12-30T07:05:24.238148,56.51,54.73,False,32.1,
BATCH-20251229-07,AUTOCLAVE_02,2025-12-30T10:05:24.238148,57.51,62.81,False,29.0,
BATCH-20251229-08,AUTOCLAVE_02,2025-12-30T13:05:24.238148,52.16,54.55,False,33.2,
BATCH-20251230-01,AUTOCLAVE_02,2025-12-30T16:05:24.238148,56.54,51.47,False,34.7,
BATCH-20251230-02,AUTOCLAVE_01,2025-12-30T19:05:24.238148,50.35,52.12,False,27.1,
BATCH-20251230-03,AUTOCLAVE_02,2025-12-30T22:05:24.238148,49.84,62.99,False,20.4,
BATCH-20251230-04,AUTOCLAVE_01,2025-12-31T01:05:24.238148,49.93,53.17,False,39.4,
BATCH-20251230-05,AUTOCLAVE_01,2025-12-31T04:05:24.238148,55.29,61.5,False,17.0,
BATCH-20251230-06,AUTOCLAVE_02,2025-12-31T07:05:24.238148,47.26,52.56,False,13.2,
BATCH-20251230-07,AUTOCLAVE_02,2025-12-31T10:05:24.238148,44.22,58.59,False,35.4,
BATCH-20251230-08,AUTOCLAVE_01,2025-12-31T13:05:24.238148,49.07,50.71,False,32.7,
BATCH-20251231-01,AUTOCLAVE_02,2025-12-31T16:05:24.238148,46.9,62.69,False,15.5,
BATCH-20251231-02,AUTOCLAVE_01,2025-12-31T19:05:24.238148,53.07,52.25,False,13.8,
BATCH-20251231-03,AUTOCLAVE_01,2025-12-31T22:05:24.238148,68.4,76.94,False,51.5,
BATCH-20251231-04,AUTOCLAVE_02,2026-01-01T01:05:24.238148,68.9,74.8,False,47.0,
BATCH-20251231-05,AUTOCLAVE_01,2026-01-01T04:05:24.238148,67.1,75.01,False,51.2,
BATCH-20251231-06,AUTOCLAVE_02,2026-01-01T07:05:24.238148,53.36,45.58,False,23.9,
BATCH-20251231-07,AUTOCLAVE_02,2026-01-01T10:05:24.238148,44.59,62.16,False,23.9,
BATCH-20251231-08,AUTOCLAVE_02,2026-01-01T13:05:24.238148,60.96,56.66,False,17.6,
BATCH-20260101-01,AUTOCLAVE_01,2026-01-01T16:05:24.238148,68.95,75.27,False,40.4,
BATCH-20260101-02,AUTOCLAVE_02,2026-01-01T19:05:24.238148,55.79,59.16,False,16.1,
BATCH-20260101-03,AUTOCLAVE_01,2026-01-01T22:05:24.238148,61.63,64.52,False,35.4,
BATCH-20260101-04,AUTOCLAVE_01,2026-01-02T01:05:24.238148,47.75,60.84,False,35.3,
BATCH-20260101-05,AUTOCLAVE_02,2026-01-02T04:05:24.238148,59.88,52.88,False,32.4,
BATCH-20260101-06,AUTOCLAVE_02,2026-01-02T07:05:24.238148,52.18,65.01,False,25.6,
BATCH-20260101-07,AUTOCLAVE_02,2026-01-02T10:05:24.238148,58.0,57.28,False,15.9,
BATCH-20260101-08,AUTOCLAVE_01,2026-01-02T13:05:24.238148,60.07,71.86,True,41.8,MOISTURE_DELAMINATION
BATCH-20260102-01,AUTOCLAVE_01,2026-01-02T16:05:24.238148,43.7,57.34,False,39.5,
BATCH-20260102-02,AUTOCLAVE_02,2026-01-02T19:05:24.238148,50.96,62.47,False,35.5,
BATCH-20260102-03,AUTOCLAVE_02,2026-01-02T22:05:24.238148,55.35,60.38,False,34.6,
BATCH-20260102-04,AUTOCLAVE_02,2026-01-03T01:05:24.238148,55.86,60.74,False,31.9,
BATCH-20260102-05,AUTOCLAVE_02,2026-01-03T04:05:24.238148,49.71,57.84,False,31.0,
BATCH-20260102-06,AUTOCLAVE_01,2026-01-03T07:05:24.238148,55.15,68.65,False,17.7,
BATCH-20260102-07,AUTOCLAVE_02,2026-01-03T10:05:24.238148,47.12,55.55,False,26.2,
BATCH-20260102-08,AUTOCLAVE_01,2026-01-03T13:05:24.238148,52.31,56.74,False,17.5,
BATCH-20260103-01,AUTOCLAVE_01,2026-01-03T16:05:24.238148,66.17,74.94,True,52.9,MOISTURE_DELAMINATION
BATCH-20260103-02,AUTOCLAVE_02,2026-01-03T19:05:24.238148,52.24,56.65,False,35.2,
BATCH-20260103-03,AUTOCLAVE_02,2026-01-03T22:05:24.238148,57.79,57.61,False,10.1,
BATCH-20260103-04,AUTOCLAVE_01,2026-01-04T01:05:24.238148,45.8,61.53,False,22.8,
BATCH-20260103-05,AUTOCLAVE_01,2026-01-04T04:05:24.238148,48.79,52.93,False,16.1,
BATCH-20260103-06,AUTOCLAVE_02,2026-01-04T07:05:24.238148,71.6,68.66,False,40.7,
BATCH-20260103-07,AUTOCLAVE_01,2026-01-04T10:05:24.238148,46.4,54.11,False,21.9,
BATCH-20260103-08,AUTOCLAVE_01,2026-01-04T13:05:24.238148,59.5,54.23,False,21.6,
BATCH-20260104-01,AUTOCLAVE_01,2026-01-04T16:05:24.238148,50.2,55.05,False,39.4,
BATCH-20260104-02,AUTOCLAVE_02,2026-01-04T19:05:24.238148,57.27,51.72,False,20.5,
BATCH-20260104-03,AUTOCLAVE_01,2026-01-04T22:05:24.238148,46.76,54.46,False,29.2,
BATCH-20260104-04,AUTOCLAVE_01,2026-01-05T01:05:24.238148,54.18,56.52,False,10.4,
BATCH-20260104-05,AUTOCLAVE_02,2026-01-05T04:05:24.238148,49.25,58.93,False,35.8,
BATCH-20260104-06,AUTOCLAVE_01,2026-01-05T07:05:24.238148,54.26,48.86,False,33.2,
BATCH-20260104-07,AUTOCLAVE_02,2026-01-05T10:05:24.238148,49.35,57.35,False,37.1,
BATCH-20260104-08,AUTOCLAVE_02,2026-01-05T13:05:24.238148,62.05,61.63,False,19.4,
BATCH-20260105-01,AUTOCLAVE_01,2026-01-05T16:05:24.238148,47.98,50.74,False,11.9,
BATCH-20260105-02,AUTOCLAVE_02,2026-01-05T19:05:24.238148,54.47,68.19,False,25.6,
BATCH-20260105-03,AUTOCLAVE_01,2026-01-05T22:05:24.238148,59.34,70.54,False,63.7,
BATCH-20260105-04,AUTOCLAVE_02,2026-01-06T01:05:24.238148,68.3,75.27,False,68.9,
BATCH-20260105-05,AUTOCLAVE_02,2026-01-06T04:05:24.238148,67.3,70.91,False,40.6,
BATCH-20260105-06,AUTOCLAVE_01,2026-01-06T07:05:24.238148,54.97,57.74,False,39.7,
BATCH-20260105-07,AUTOCLAVE_01,2026-01-06T10:05:24.238148,44.8,56.32,False,36.9,
BATCH-20260105-08,AUTOCLAVE_01,2026-01-06T13:05:24.238148,48.89,54.47,False,25.6,
BATCH-20260106-01,AUTOCLAVE_01,2026-01-06T16:05:24.238148,55.19,47.83,False,11.4,
BATCH-20260106-02,AUTOCLAVE_01,2026-01-06T19:05:24.238148,52.57,62.54,False,18.5,
BATCH-20260106-03,AUTOCLAVE_02,2026-01-06T22:05:24.238148,58.96,60.99,False,29.1,
BATCH-20260106-04,AUTOCLAVE_01,2026-01-07T01:05:24.238148,54.74,49.21,False,32.6,
BATCH-20260106-05,AUTOCLAVE_02,2026-01-07T04:05:24.238148,53.9,56.64,False,11.6,
BATCH-20260106-06,AUTOCLAVE_01,2026-01-07T07:05:24.238148,54.95,55.62,False,17.6,
BATCH-20260106-07,AUTOCLAVE_01,2026-01-07T10:05:24.238148,78.99,75.36,False,40.9,
BATCH-20260106-08,AUTOCLAVE_01,2026-01-07T13:05:24.238148,47.73,54.37,False,35.1,
BATCH-20260107-01,AUTOCLAVE_02,2026-01-07T16:05:24.238148,52.04,50.29,False,13.3,
BATCH-20260107-02,AUTOCLAVE_01,2026-01-07T19:05:24.238148,68.78,67.54,True,41.4,MOISTURE_DELAMINATION
BATCH-20260107-03,AUTOCLAVE_01,2026-01-07T22:05:24.238148,51.32,57.04,False,20.0,
BATCH-20260107-04,AUTOCLAVE_01,2026-01-08T01:05:24.238148,48.37,62.73,False,31.7,
BATCH-20260107-05,AUTOCLAVE_02,2026-01-08T04:05:24.238148,44.78,53.96,False,21.3,
BATCH-20260107-06,AUTOCLAVE_02,2026-01-08T07:05:24.238148,56.18,64.24,False,20.5,
BATCH-20260107-07,AUTOCLAVE_02,2026-01-08T10:05:24.238148,48.6,55.48,False,18.6,
BATCH-20260107-08,AUTOCLAVE_01,2026-01-08T13:05:24.238148,47.2,59.09,False,22.8,
BATCH-20260108-01,AUTOCLAVE_01,2026-01-08T16:05:24.238148,64.58,58.73,False,15.0,
BATCH-20260108-02,AUTOCLAVE_02,2026-01-08T19:05:24.238148,50.86,54.32,False,39.6,
BATCH-20260108-03,AUTOCLAVE_02,2026-01-08T22:05:24.238148,46.56,56.87,False,14.1,
BATCH-20260108-04,AUTOCLAVE_01,2026-01-09T01:05:24.238148,47.29,53.22,False,22.3,
BATCH-20260108-05,AUTOCLAVE_01,2026-01-09T04:05:24.238148,53.22,51.75,False,31.2,
BATCH-20260108-06,AUTOCLAVE_01,2026-01-09T07:05:24.238148,50.09,47.33,False,11.5,
BATCH-20260108-07,AUTOCLAVE_02,2026-01-09T10:05:24.238148,44.19,58.87,False,38.5,
BATCH-20260108-08,AUTOCLAVE_01,2026-01-09T13:05:24.238148,63.75,59.8,False,27.3,
BATCH-20260109-01,AUTOCLAVE_02,2026-01-09T16:05:24.238148,55.01,62.39,False,13.8,
BATCH-20260109-02,AUTOCLAVE_02,2026-01-09T19:05:24.238148,56.18,56.65,False,11.1,
BATCH-20260109-03,AUTOCLAVE_02,2026-01-09T22:05:24.238148,53.23,62.04,False,21.5,
BATCH-20260109-04,AUTOCLAVE_02,2026-01-10T01:05:24.238148,48.86,55.85,False,11.8,
BATCH-20260109-05,AUTOCLAVE_02,2026-01-10T04:05:24.238148,47.63,73.72,False,39.5,
BATCH-20260109-06,AUTOCLAVE_01,2026-01-10T07:05:24.238148,53.05,57.91,False,32.6,
BATCH-20260109-07,AUTOCLAVE_02,2026-01-10T10:05:24.238148,61.17,54.17,False,37.8,
BATCH-20260109-08,AUTOCLAVE_01,2026-01-10T13:05:24.238148,57.15,65.08,False,19.5,
BATCH-20260110-01,AUTOCLAVE_02,2026-01-10T16:05:24.238148,48.84,53.11,False,30.8,
BATCH-20260110-02,AUTOCLAVE_01,2026-01-10T19:05:24.238148,71.49,77.76,False,41.7,
BATCH-20260110-03,AUTOCLAVE_01,2026-01-10T22:05:24.238148,56.3,61.51,False,14.0,
BATCH-20260110-04,AUTOCLAVE_01,2026-01-11T01:05:24.238148,55.16,56.44,False,32.0,
BATCH-20260110-05,AUTOCLAVE_02,2026-01-11T04:05:24.238148,59.56,66.21,False,41.1,
BATCH-20260110-06,AUTOCLAVE_02,2026-01-11T07:05:24.238148,58.02,54.99,False,27.3,
BATCH-20260110-07,AUTOCLAVE_02,2026-01-11T10:05:24.238148,57.8,66.31,False,13.5,
BATCH-20260110-08,AUTOCLAVE_02,2026-01-11T13:05:24.238148,47.76,51.6,False,15.9,
BATCH-20260111-01,AUTOCLAVE_01,2026-01-11T16:05:24.238148,51.31,50.91,False,29.4,
BATCH-20260111-02,AUTOCLAVE_02,2026-01-11T19:05:24.238148,49.3,54.03,False,25.1,
BATCH-20260111-03,AUTOCLAVE_01,2026-01-11T22:05:24.238148,51.86,60.84,False,11.6,
BATCH-20260111-04,AUTOCLAVE_02,2026-01-12T01:05:24.238148,47.82,66.78,False,30.1,
BATCH-20260111-05,AUTOCLAVE_01,2026-01-12T04:05:24.238148,60.01,56.72,False,21.6,
BATCH-20260111-06,AUTOCLAVE_02,2026-01-12T07:05:24.238148,52.0,58.14,False,17.9,
BATCH-20260111-07,AUTOCLAVE_01,2026-01-12T10:05:24.238148,59.19,51.64,False,25.1,
BATCH-20260111-08,AUTOCLAVE_01,2026-01-12T13:05:24.238148,56.06,51.56,False,11.3,
BATCH-20260112-01,AUTOCLAVE_01,2026-01-12T16:05:24.238148,48.09,52.01,False,25.0,
BATCH-20260112-02,AUTOCLAVE_01,2026-01-12T19:05:24.238148,49.37,60.68,False,33.6,
BATCH-20260112-03,AUTOCLAVE_02,2026-01-12T22:05:24.238148,59.93,78.65,False,67.5,
BATCH-20260112-04,AUTOCLAVE_01,2026-01-13T01:05:24.238148,64.07,70.76,False,56.6,
BATCH-20260112-05,AUTOCLAVE_01,2026-01-13T04:05:24.238148,67.34,71.74,False,53.8,
BATCH-20260112-06,AUTOCLAVE_02,2026-01-13T07:05:24.238148,60.73,50.37,False,19.4,
BATCH-20260112-07,AUTOCLAVE_01,2026-01-13T10:05:24.238148,52.56,63.09,False,28.5,
BATCH-20260112-08,AUTOCLAVE_01,2026-01-13T13:05:24.238148,60.41,60.48,False,21.8,
BATCH-20260113-01,AUTOCLAVE_02,2026-01-13T16:05:24.238148,56.76,57.26,False,30.9,
BATCH-20260113-02,AUTOCLAVE_01,2026-01-13T19:05:24.238148,45.29,58.71,False,19.3,
BATCH-20260113-03,AUTOCLAVE_01,2026-01-13T22:05:24.238148,63.42,81.62,True,63.4,MOISTURE_DELAMINATION
BATCH-20260113-04,AUTOCLAVE_02,2026-01-14T01:05:24.238148,49.93,54.14,False,20.5,
BATCH-20260113-05,AUTOCLAVE_01,2026-01-14T04:05:24.238148,49.96,55.6,False,26.2,
BATCH-20260113-06,AUTOCLAVE_01,2026-01-14T07:05:24.238148,58.72,60.65,False,24.8,
BATCH-20260113-07,AUTOCLAVE_02,2026-01-14T10:05:24.238148,53.88,47.61,False,24.3,
BATCH-20260113-08,AUTOCLAVE_01,2026-01-14T13:05:24.238148,46.23,54.06,False,19.8,
BATCH-20260114-01,AUTOCLAVE_01,2026-01-14T16:05:24.238148,59.6,54.12,False,15.6,
BATCH-20260114-02,AUTOCLAVE_01,2026-01-14T19:05:24.238148,47.72,53.46,False,32.7,
BATCH-20260114-03,AUTOCLAVE_01,2026-01-14T22:05:24.238148,56.22,60.63,False,39.2,
BATCH-20260114-04,AUTOCLAVE_01,2026-01-15T01:05:24.238148,48.02,53.92,False,21.3,
BATCH-20260114-05,AUTOCLAVE_02,2026-01-15T04:05:24.238148,59.48,48.12,False,21.7,
BATCH-20260114-06,AUTOCLAVE_01,2026-01-15T07:05:24.238148,53.54,57.25,False,24.5,
BATCH-20260114-07,AUTOCLAVE_02,2026-01-15T10:05:24.238148,51.92,56.94,False,11.7,
BATCH-20260114-08,AUTOCLAVE_01,2026-01-15T13:05:24.238148,51.66,48.19,False,24.5,
BATCH-20260115-01,AUTOCLAVE_02,2026-01-15T16:05:24.238148,49.97,56.92,False,19.4,
BATCH-20260115-02,AUTOCLAVE_02,2026-01-15T19:05:24.238148,52.55,56.21,False,31.6,
BATCH-20260115-03,AUTOCLAVE_02,2026-01-15T22:05:24.238148,56.31,57.89,False,20.7,
BATCH-20260115-04,AUTOCLAVE_01,2026-01-16T01:05:24.238148,53.92,63.64,False,18.0,
BATCH-20260115-05,AUTOCLAVE_01,2026-01-16T04:05:24.238148,48.14,52.19,False,19.7,
BATCH-20260115-06,AUTOCLAVE_01,2026-01-16T07:05:24.238148,59.94,54.66,False,29.7,
BATCH-20260115-07,AUTOCLAVE_02,2026-01-16T10:05:24.238148,45.72,63.43,False,32.4,
BATCH-20260115-08,AUTOCLAVE_02,2026-01-16T13:05:24.238148,45.49,50.23,False,33.8,
BATCH-20260116-01,AUTOCLAVE_01,2026-01-16T16:05:24.238148,49.57,46.97,False,30.8,
BATCH-20260116-02,AUTOCLAVE_02,2026-01-16T19:05:24.238148,50.63,51.17,False,28.1,
BATCH-20260116-03,AUTOCLAVE_02,2026-01-16T22:05:24.238148,54.97,56.11,False,14.4,
BATCH-20260116-04,AUTOCLAVE_02,2026-01-17T01:05:24.238148,54.27,45.43,False,13.1,
BATCH-20260116-05,AUTOCLAVE_02,2026-01-17T04:05:24.238148,67.04,64.28,True,50.3,MOISTURE_DELAMINATION
BATCH-20260116-06,AUTOCLAVE_02,2026-01-17T07:05:24.238148,59.02,61.65,False,35.3,
BATCH-20260116-07,AUTOCLAVE_01,2026-01-17T10:05:24.238148,56.13,59.84,False,36.1,
BATCH-20260116-08,AUTOCLAVE_02,2026-01-17T13:05:24.238148,50.8,64.78,False,15.9,
BATCH-20260117-01,AUTOCLAVE_02,2026-01-17T16:05:24.238148,55.3,56.44,False,25.4,
BATCH-20260117-02,AUTOCLAVE_02,2026-01-17T19:05:24.238148,54.37,57.92,False,20.9,
BATCH-20260117-03,AUTOCLAVE_01,2026-01-17T22:05:24.238148,47.16,53.35,False,32.7,
BATCH-20260117-04,AUTOCLAVE_01,2026-01-18T01:05:24.238148,54.59,57.51,False,26.3,
BATCH-20260117-05,AUTOCLAVE_02,2026-01-18T04:05:24.238148,45.03,54.92,False,16.8,
BATCH-20260117-06,AUTOCLAVE_01,2026-01-18T07:05:24.238148,50.18,58.9,False,18.7,
BATCH-20260117-07,AUTOCLAVE_01,2026-01-18T10:05:24.238148,50.4,62.81,False,16.0,
BATCH-20260117-08,AUTOCLAVE_01,2026-01-18T13:05:24.238148,48.19,56.49,False,36.4,
BATCH-20260118-01,AUTOCLAVE_02,2026-01-18T16:05:24.238148,50.89,59.82,False,13.4,
BATCH-20260118-02,AUTOCLAVE_01,2026-01-18T19:05:24.238148,45.51,49.17,False,33.0,
BATCH-20260118-03,AUTOCLAVE_01,2026-01-18T22:05:24.238148,47.54,58.6,False,33.8,
BATCH-20260118-04,AUTOCLAVE_01,2026-01-19T01:05:24.238148,49.75,64.72,False,21.2,
BATCH-20260118-05,AUTOCLAVE_02,2026-01-19T04:05:24.238148,46.86,53.82,False,17.1,
BATCH-20260118-06,AUTOCLAVE_02,2026-01-19T07:05:24.238148,54.71,64.87,False,38.2,
BATCH-20260118-07,AUTOCLAVE_02,2026-01-19T10:05:24.238148,50.62,51.7,False,13.4,
BATCH-20260118-08,AUTOCLAVE_02,2026-01-19T13:05:24.238148,44.52,59.16,False,28.8,
BATCH-20260119-01,AUTOCLAVE_01,2026-01-19T16:05:24.238148,52.33,65.09,False,10.8,
BATCH-20260119-02,AUTOCLAVE_02,2026-01-19T19:05:24.238148,59.73,48.94,False,34.5,
BATCH-20260119-03,AUTOCLAVE_02,2026-01-19T22:05:24.238148,63.93,80.72,True,57.7,MOISTURE_DELAMINATION
BATCH-20260119-04,AUTOCLAVE_02,2026-01-20T01:05:24.238148,49.26,64.38,False,35.5,
BATCH-20260119-05,AUTOCLAVE_02,2026-01-20T04:05:24.238148,49.71,56.75,False,16.7,
BATCH-20260119-06,AUTOCLAVE_02,2026-01-20T07:05:24.238148,54.69,55.51,False,36.9,
BATCH-20260119-07,AUTOCLAVE_01,2026-01-20T10:05:24.238148,57.15,60.68,False,25.1,
BATCH-20260119-08,AUTOCLAVE_01,2026-01-20T13:05:24.238148,50.81,56.45,False,36.7,
BATCH-20260120-01,AUTOCLAVE_01,2026-01-20T16:05:24.238148,54.07,55.21,False,17.6,
BATCH-20260120-02,AUTOCLAVE_02,2026-01-20T19:05:24.238148,55.8,54.33,False,22.8,
BATCH-20260120-03,AUTOCLAVE_01,2026-01-20T22:05:24.238148,64.79,76.0,False,75.2,
BATCH-20260120-04,AUTOCLAVE_02,2026-01-21T01:05:24.238148,63.58,69.73,True,84.4,MOISTURE_DELAMINATION
BATCH-20260120-05,AUTOCLAVE_02,2026-01-21T04:05:24.238148,63.4,67.24,True,97.2,MOISTURE_DELAMINATION
BATCH-20260120-06,AUTOCLAVE_02,2026-01-21T07:05:24.238148,48.51,51.25,False,28.5,
BATCH-20260120-07,AUTOCLAVE_01,2026-01-21T10:05:24.238148,49.37,52.3,False,34.4,
BATCH-20260120-08,AUTOCLAVE_01,2026-01-21T13:05:24.238148,61.71,47.97,False,15.0,
BATCH-20260121-01,AUTOCLAVE_02,2026-01-21T16:05:24.238148,52.73,59.33,False,15.5,
BATCH-20260121-02,AUTOCLAVE_02,2026-01-21T19:05:24.238148,47.06,55.68,False,29.8,
BATCH-20260121-03,AUTOCLAVE_01,2026-01-21T22:05:24.238148,63.09,60.88,False,38.4,
BATCH-20260121-04,AUTOCLAVE_02,2026-01-22T01:05:24.238148,51.29,59.48,False,11.9,
BATCH-20260121-05,AUTOCLAVE_02,2026-01-22T04:05:24.238148,50.83,46.19,False,16.0,
BATCH-20260121-06,AUTOCLAVE_02,2026-01-22T07:05:24.238148,46.53,56.73,False,18.4,
BATCH-20260121-07,AUTOCLAVE_01,2026-01-22T10:05:24.238148,53.72,53.31,False,33.9,
BATCH-20260121-08,AUTOCLAVE_02,2026-01-22T13:05:24.238148,53.19,55.67,False,10.2,
BATCH-20260122-01,AUTOCLAVE_01,2026-01-22T16:05:24.238148,63.23,67.84,False,12.2,
BATCH-20260122-02,AUTOCLAVE_02,2026-01-22T19:05:24.238148,44.42,60.99,False,25.8,
BATCH-20260122-03,AUTOCLAVE_02,2026-01-22T22:05:24.238148,60.69,62.54,False,30.8,
BATCH-20260122-04,AUTOCLAVE_02,2026-01-23T01:05:24.238148,56.14,52.34,False,19.3,
BATCH-20260122-05,AUTOCLAVE_01,2026-01-23T04:05:24.238148,49.92,54.01,False,16.9,
BATCH-20260122-06,AUTOCLAVE_02,2026-01-23T07:05:24.238148,54.38,60.4,False,28.8,
BATCH-20260122-07,AUTOCLAVE_02,2026-01-23T10:05:24.238148,48.82,62.82,False,24.9,
BATCH-20260122-08,AUTOCLAVE_01,2026-01-23T13:05:24.238148,57.99,61.9,False,16.7,
BATCH-20260123-01,AUTOCLAVE_02,2026-01-23T16:05:24.238148,50.49,59.52,False,37.9,
BATCH-20260123-02,AUTOCLAVE_02,2026-01-23T19:05:24.238148,56.79,53.78,False,12.7,
BATCH-20260123-03,AUTOCLAVE_02,2026-01-23T22:05:24.238148,52.37,55.78,False,11.2,
BATCH-20260123-04,AUTOCLAVE_02,2026-01-24T01:05:24.238148,56.95,48.38,False,14.2,
BATCH-20260123-05,AUTOCLAVE_02,2026-01-24T04:05:24.238148,48.48,56.77,False,26.3,
BATCH-20260123-06,AUTOCLAVE_02,2026-01-24T07:05:24.238148,54.79,62.0,False,13.0,
BATCH-20260123-07,AUTOCLAVE_02,2026-01-24T10:05:24.238148,44.54,50.98,False,32.3,
BATCH-20260123-08,AUTOCLAVE_01,2026-01-24T13:05:24.238148,55.47,49.67,False,11.9,
BATCH-20260124-01,AUTOCLAVE_02,2026-01-24T16:05:24.238148,57.5,55.35,False,29.4,
BATCH-20260124-02,AUTOCLAVE_01,2026-01-24T19:05:24.238148,46.28,59.45,False,28.9,
BATCH-20260124-03,AUTOCLAVE_01,2026-01-24T22:05:24.238148,68.14,77.54,True,53.3,MOISTURE_DELAMINATION
BATCH-20260124-04,AUTOCLAVE_01,2026-01-25T01:05:24.238148,53.86,49.61,False,12.8,
BATCH-20260124-05,AUTOCLAVE_02,2026-01-25T04:05:24.238148,54.95,58.49,False,10.2,
BATCH-20260124-06,AUTOCLAVE_01,2026-01-25T07:05:24.238148,70.68,78.37,False,41.2,
BATCH-20260124-07,AUTOCLAVE_01,2026-01-25T10:05:24.238148,54.16,52.95,False,23.7,
BATCH-20260124-08,AUTOCLAVE_01,2026-01-25T13:05:24.238148,43.25,57.39,False,37.1,
BATCH-20260125-01,AUTOCLAVE_02,2026-01-25T16:05:24.238148,49.91,49.19,False,27.8,
BATCH-20260125-02,AUTOCLAVE_01,2026-01-25T19:05:24.238148,47.39,58.07,False,15.1,
BATCH-20260125-03,AUTOCLAVE_02,2026-01-25T22:05:24.238148,44.33,61.26,False,25.7,
BATCH-20260125-04,AUTOCLAVE_02,2026-01-26T01:05:24.238148,67.18,76.23,True,40.3,MOISTURE_DELAMINATION
BATCH-20260125-05,AUTOCLAVE_01,2026-01-26T04:05:24.238148,51.04,57.44,False,28.4,
BATCH-20260125-06,AUTOCLAVE_01,2026-01-26T07:05:24.238148,49.14,46.66,False,17.1,
BATCH-20260125-07,AUTOCLAVE_01,2026-01-26T10:05:24.238148,55.3,51.02,False,19.6,
BATCH-20260125-08,AUTOCLAVE_01,2026-01-26T13:05:24.238148,52.64,56.98,False,33.2,
BATCH-20260126-01,AUTOCLAVE_01,2026-01-26T16:05:24.238148,49.84,63.01,False,37.8,
BATCH-20260126-02,AUTOCLAVE_01,2026-01-26T19:05:24.238148,56.25,48.59,False,11.0,
BATCH-20260126-03,AUTOCLAVE_01,2026-01-26T22:05:24.238148,50.96,56.84,False,33.5,
BATCH-20260126-04,AUTOCLAVE_01,2026-01-27T01:05:24.238148,57.69,54.5,False,17.4,
BATCH-20260126-05,AUTOCLAVE_02,2026-01-27T04:05:24.238148,56.52,54.93,False,37.9,
BATCH-20260126-06,AUTOCLAVE_02,2026-01-27T07:05:24.238148,49.24,48.86,False,35.2,
BATCH-20260126-07,AUTOCLAVE_02,2026-01-27T10:05:24.238148,55.79,56.17,False,18.4,
BATCH-20260126-08,AUTOCLAVE_02,2026-01-27T13:05:24.238148,47.57,55.26,False,18.2,
BATCH-20260127-01,AUTOCLAVE_01,2026-01-27T16:05:24.238148,44.23,57.81,False,16.5,
BATCH-20260127-02,AUTOCLAVE_02,2026-01-27T19:05:24.238148,58.39,49.86,False,37.0,
BATCH-20260127-03,AUTOCLAVE_01,2026-01-27T22:05:24.238148,74.55,75.04,False,55.7,
BATCH-20260127-04,AUTOCLAVE_02,2026-01-28T01:05:24.238148,70.09,72.46,False,70.0,
BATCH-20260127-05,AUTOCLAVE_02,2026-01-28T04:05:24.238148,60.88,72.07,False,62.2,
BATCH-20260127-06,AUTOCLAVE_01,2026-01-28T07:05:24.238148,50.41,46.36,False,22.3,
BATCH-20260127-07,AUTOCLAVE_02,2026-01-28T10:05:24.238148,49.04,55.26,False,24.8,
BATCH-20260127-08,AUTOCLAVE_01,2026-01-28T13:05:24.238148,49.73,64.98,False,33.0,
BATCH-20260128-01,AUTOCLAVE_02,2026-01-28T16:05:24.238148,51.87,59.53,False,38.0,
BATCH-20260128-02,AUTOCLAVE_01,2026-01-28T19:05:24.238148,55.06,56.08,False,15.9,
BATCH-20260128-03,AUTOCLAVE_02,2026-01-28T22:05:24.238148,48.58,60.55,False,38.1,
BATCH-20260128-04,AUTOCLAVE_01,2026-01-29T01:05:24.238148,43.74,48.82,False,15.4,
BATCH-20260128-05,AUTOCLAVE_02,2026-01-29T04:05:24.238148,47.05,55.4,False,27.8,
BATCH-20260128-06,AUTOCLAVE_01,2026-01-29T07:05:24.238148,57.18,62.26,False,30.8,
BATCH-20260128-07,AUTOCLAVE_01,2026-01-29T10:05:24.238148,49.32,52.14,False,24.1,
BATCH-20260128-08,AUTOCLAVE_01,2026-01-29T13:05:24.238148,46.51,60.0,False,39.2,
BATCH-20260129-01,AUTOCLAVE_02,2026-01-29T16:05:24.238148,70.33,76.8,False,44.5,
BATCH-20260129-02,AUTOCLAVE_01,2026-01-29T19:05:24.238148,48.78,51.66,False,19.6,
BATCH-20260129-03,AUTOCLAVE_01,2026-01-29T22:05:24.238148,60.36,70.09,False,48.6,
BATCH-20260129-04,AUTOCLAVE_01,2026-01-30T01:05:24.238148,70.37,80.65,False,49.8,
BATCH-20260129-05,AUTOCLAVE_01,2026-01-30T04:05:24.238148,62.04,65.96,False,50.6,
BATCH-20260129-06,AUTOCLAVE_02,2026-01-30T07:05:24.238148,54.14,51.68,False,13.7,
BATCH-20260129-07,AUTOCLAVE_01,2026-01-30T10:05:24.238148,45.63,51.37,False,25.5,
BATCH-20260129-08,AUTOCLAVE_01,2026-01-30T13:05:24.238148,54.34,50.4,False,20.3,
BATCH-20260130-01,AUTOCLAVE_01,2026-01-30T16:05:24.238148,57.7,54.5,False,14.3,
BATCH-20260130-02,AUTOCLAVE_02,2026-01-30T19:05:24.238148,60.19,62.22,False,25.1,
BATCH-20260130-03,AUTOCLAVE_01,2026-01-30T22:05:24.238148,59.92,50.37,False,18.5,
BATCH-20260130-04,AUTOCLAVE_02,2026-01-31T01:05:24.238148,57.83,50.48,False,31.6,
BATCH-20260130-05,AUTOCLAVE_02,2026-01-31T04:05:24.238148,56.46,61.26,False,18.7,
BATCH-20260130-06,AUTOCLAVE_02,2026-01-31T07:05:24.238148,50.29,62.33,False,21.8,
BATCH-20260130-07,AUTOCLAVE_02,2026-01-31T10:05:24.238148,58.5,56.88,False,35.2,
BATCH-20260130-08,AUTOCLAVE_01,2026-01-31T13:05:24.238148,65.18,75.13,False,40.1,
BATCH-20260131-01,AUTOCLAVE_02,2026-01-31T16:05:24.238148,59.48,50.73,False,12.9,
BATCH-20260131-02,AUTOCLAVE_01,2026-01-31T19:05:24.238148,55.33,50.93,False,30.7,
BATCH-20260131-03,AUTOCLAVE_01,2026-01-31T22:05:24.238148,58.35,51.88,False,22.8,
BATCH-20260131-04,AUTOCLAVE_02,2026-02-01T01:05:24.238148,44.78,54.9,False,10.0,
BATCH-20260131-05,AUTOCLAVE_01,2026-02-01T04:05:24.238148,45.34,46.5,False,20.0,
BATCH-20260131-06,AUTOCLAVE_02,2026-02-01T07:05:24.238148,56.41,64.35,False,23.3,
BATCH-20260131-07,AUTOCLAVE_01,2026-02-01T10:05:24.238148,51.19,47.53,False,10.1,
BATCH-20260131-08,AUTOCLAVE_02,2026-02-01T13:05:24.238148,53.22,65.12,False,18.2,
BATCH-20260201-01,AUTOCLAVE_02,2026-02-01T16:05:24.238148,75.47,70.57,True,63.0,MOISTURE_DELAMINATION
BATCH-20260201-02,AUTOCLAVE_01,2026-02-01T19:05:24.238148,49.51,54.09,False,12.2,
BATCH-20260201-03,AUTOCLAVE_02,2026-02-01T22:05:24.238148,52.71,56.16,False,14.8,
BATCH-20260201-04,AUTOCLAVE_02,2026-02-02T01:05:24.238148,46.62,51.06,False,19.1,
BATCH-20260201-05,AUTOCLAVE_01,2026-02-02T04:05:24.238148,53.01,64.93,False,20.1,
BATCH-20260201-06,AUTOCLAVE_01,2026-02-02T07:05:24.238148,54.31,49.63,False,17.4,
BATCH-20260201-07,AUTOCLAVE_02,2026-02-02T10:05:24.238148,47.97,61.04,False,33.4,
BATCH-20260201-08,AUTOCLAVE_01,2026-02-02T13:05:24.238148,56.71,65.1,False,11.8,
BATCH-20260202-01,AUTOCLAVE_01,2026-02-02T16:05:24.238148,47.14,63.88,False,12.0,
BATCH-20260202-02,AUTOCLAVE_02,2026-02-02T19:05:24.238148,61.16,49.05,False,23.1,
BATCH-20260202-03,AUTOCLAVE_01,2026-02-02T22:05:24.238148,53.05,55.44,False,27.4,
BATCH-20260202-04,AUTOCLAVE_02,2026-02-03T01:05:24.238148,51.98,53.38,False,11.1,
BATCH-20260202-05,AUTOCLAVE_01,2026-02-03T04:05:24.238148,60.92,60.9,False,37.6,
BATCH-20260202-06,AUTOCLAVE_01,2026-02-03T07:05:24.238148,64.17,70.71,True,41.8,MOISTURE_DELAMINATION
BATCH-20260202-07,AUTOCLAVE_01,2026-02-03T10:05:24.238148,58.06,60.21,False,36.5,
BATCH-20260202-08,AUTOCLAVE_01,2026-02-03T13:05:24.238148,54.67,61.26,False,19.3,
BATCH-20260203-01,AUTOCLAVE_02,2026-02-03T16:05:24.238148,49.64,51.05,False,32.2,
BATCH-20260203-02,AUTOCLAVE_01,2026-02-03T19:05:24.238148,52.71,50.65,False,14.1,
BATCH-20260203-03,AUTOCLAVE_02,2026-02-03T22:05:24.238148,51.08,62.9,False,32.2,
BATCH-20260203-04,AUTOCLAVE_02,2026-02-04T01:05:24.238148,60.45,60.46,False,34.9,
BATCH-20260203-05,AUTOCLAVE_01,2026-02-04T04:05:24.238148,48.14,54.23,False,39.3,
BATCH-20260203-06,AUTOCLAVE_01,2026-02-04T07:05:24.238148,45.58,62.25,False,10.9,
BATCH-20260203-07,AUTOCLAVE_02,2026-02-04T10:05:24.238148,56.47,59.83,False,33.5,
BATCH-20260203-08,AUTOCLAVE_01,2026-02-04T13:05:24.238148,51.24,57.82,False,23.5,
BATCH-20260204-01,AUTOCLAVE_02,2026-02-04T16:05:24.238148,62.04,75.56,True,49.3,MOISTURE_DELAMINATION
BATCH-20260204-02,AUTOCLAVE_01,2026-02-04T19:05:24.238148,56.33,54.29,False,38.1,
BATCH-20260204-03,AUTOCLAVE_01,2026-02-04T22:05:24.238148,48.59,54.68,False,30.1,
BATCH-20260204-04,AUTOCLAVE_01,2026-02-05T01:05:24.238148,50.47,53.51,False,33.3,
BATCH-20260204-05,AUTOCLAVE_02,2026-02-05T04:05:24.238148,54.69,56.26,False,13.0,
BATCH-20260204-06,AUTOCLAVE_02,2026-02-05T07:05:24.238148,48.8,50.66,False,34.3,
BATCH-20260204-07,AUTOCLAVE_01,2026-02-05T10:05:24.238148,50.34,49.21,False,13.8,
BATCH-20260204-08,AUTOCLAVE_02,2026-02-05T13:05:24.238148,54.94,57.78,False,18.1,
BATCH-20260205-01,AUTOCLAVE_02,2026-02-05T16:05:24.238148,50.67,54.62,False,22.3,
BATCH-20260205-02,AUTOCLAVE_02,2026-02-05T19:05:24.238148,71.13,74.25,True,50.3,MOISTURE_DELAMINATION
BATCH-20260205-03,AUTOCLAVE_01,2026-02-05T22:05:24.238148,64.68,78.73,True,86.7,MOISTURE_DELAMINATION
BATCH-20260205-04,AUTOCLAVE_02,2026-02-06T01:05:24.238148,65.51,77.88,False,53.9,
BATCH-20260205-05,AUTOCLAVE_01,2026-02-06T04:05:24.238148,68.63,82.44,True,100,MOISTURE_DELAMINATION
BATCH-20260205-06,AUTOCLAVE_02,2026-02-06T07:05:24.238148,53.03,64.24,False,13.9,
BATCH-20260205-07,AUTOCLAVE_02,2026-02-06T10:05:24.238148,50.16,53.46,False,13.9,
BATCH-20260205-08,AUTOCLAVE_02,2026-02-06T13:05:24.238148,61.62,66.44,False,24.3,
